{
    "what_is_this_file": "A specification file for Alive to play mmd motions",
    "model_info": "角色模型来源：《原神》-- 爱可菲；\n角色模型改造：观海子；\nAlive适配：GoAHi",
    "mmd_model": "爱可菲.bpmx",
    "wakeword": "",
    "background": {},
    "extra_models": [],
    "pose_motions": [],
    "relax_motions": [
        {
            "motion_name": "relax",
            "motion": "./motions/relax.bvmd",
            "extra": []
        }
    ],
    "interact_motions": [
        {
            "motion_name": "anger",
            "motion": "./motions/anger.bvmd",
            "stop_blink": false,
            "with_extras": []
        },
        {
            "motion_name": "cry",
            "motion": "./motions/cry.bvmd",
            "stop_blink": false,
            "with_extras": []
        },
        {
            "motion_name": "shame",
            "motion": "./motions/shame.bvmd",
            "stop_blink": false,
            "with_extras": []
        },
        {
            "motion_name": "think",
            "motion": "./motions/think.bvmd",
            "stop_blink": false,
            "with_extras": []
        },
        {
            "motion_name": "excited",
            "motion": "./motions/excited.bvmd",
            "stop_blink": true,
            "with_extras": []
        },
        {
            "motion_name": "surprised",
            "motion": "./motions/surprised.bvmd",
            "stop_blink": true,
            "with_extras": []
        },
        {
            "motion_name": "sad",
            "motion": "./motions/sad.bvmd",
            "stop_blink": true,
            "with_extras": []
        }
    ],
    "open_motion": "./motions/open.bvmd",
    "voices": [],
    "interval": 5000
}