{
    "what_is_this_file": "A specification file for Alive to play mmd motions",
    "model_info": "角色模型来源：《绝区零》-- 薇薇安；\n角色模型改造：观海子；\nAlive适配：GoAHi",
    "mmd_model": "薇薇安.bpmx",
    "wakeword": "We_we_an",
    "extra_model": [],
    "pose_motions": [],
    "relax_motions": [
        {
            "motion_name": "relax",
            "motion": "./motion/乖巧-and.bvmd",
            "bgm": "",
            "extra": []
        }
    ],
    "interact_motions": [
        {
            "motion_name": "shame",
            "motion": "./motion/害羞-and.bvmd",
            "voice": "",
            "stop_blink": false
        },
        {
            "motion_name": "think",
            "motion": "./motion/思考-and.bvmd",
            "voice": "",
            "stop_blink": false
        },
        {
            "motion_name": "excited",
            "motion": "./motion/兴奋-and.bvmd",
            "voice": "",
            "stop_blink": true
        },
        {
            "motion_name": "sad",
            "motion": "./motion/失落-and.bvmd",
            "voice": "",
            "stop_blink": true
        },
        {
            "motion_name": "surprised",
            "motion": "./motion/惊讶-and.bvmd",
            "voice": "not_now",
            "stop_blink": true
        }
    ],
    "open_motion": "./motion/bow-and.bvmd",
    "voices": [
        "./voices/aww_started.wav",
        "./voices/aww_react.mp3",
        "./voices/no_connection.wav",
        "./voices/thinking.wav",
        "./voices/not_now.wav",
        "./voices/wakeword.wav"
    ],
    "interval": 5000
}