{
    "what_is_this_file": "A specification file for Alive to play mmd motions",
    "model_info": "角色模型来源：《绝区零》-- 爱丽丝\n角色模型改造：观海子；\nAlive适配：GoAHi",
    "mmd_model": "爱丽丝-泳装-无武器.bpmx",
    "wakeword": "",
    "background": {},
    "extra_models": [],
    "pose_motions": [],
    "relax_motions": [
        {
            "motion_name": "relax",
            "motion": "./motions/relax.bvmd",
            "extra": []
        }
    ],
    "interact_motions": [
        {
            "motion_name": "anger",
            "motion": "./motions/anger.bvmd",
            "stop_blink": true,
            "with_extras": []
        },
        {
            "motion_name": "cry",
            "motion": "default",
            "stop_blink": false,
            "with_extras": []
        },
        {
            "motion_name": "shame",
            "motion": "default",
            "stop_blink": false,
            "with_extras": []
        },
        {
            "motion_name": "think",
            "motion": "./motions/think.bvmd",
            "stop_blink": false,
            "with_extras": []
        },
        {
            "motion_name": "excited",
            "motion": "./motions/excited.bvmd",
            "stop_blink": true,
            "with_extras": []
        },
        {
            "motion_name": "sad",
            "motion": "./motions/sad.bvmd",
            "stop_blink": true,
            "with_extras": []
        },
        {
            "motion_name": "surprised",
            "motion": "./motions/scared.bvmd",
            "stop_blink": true,
            "with_extras": []
        },


        {
            "motion_name": "tap-head",
            "motion": "excited",
            "stop_blink": true,
            "with_extras": []
        },
        {
            "motion_name": "tap-brest",
            "motion": "surprised",
            "stop_blink": true,
            "with_extras": []
        },
        {
            "motion_name": "tap-hip",
            "motion": "surprised",
            "stop_blink": true,
            "with_extras": []
        },
        {
            "motion_name": "tap-hand",
            "motion": "",
            "stop_blink": true,
            "with_extras": []
        },
        {
            "motion_name": "tap-left-hand",
            "motion": "./motions/left-hand.bvmd",
            "stop_blink": true,
            "with_extras": []
        },
        {
            "motion_name": "tap-right-hand",
            "motion": "./motions/right-hand.bvmd",
            "stop_blink": true,
            "with_extras": []
        },
        {
            "motion_name": "tap-feet",
            "motion": "",
            "stop_blink": true,
            "with_extras": []
        },
        {
            "motion_name": "tap-right-foot",
            "motion": "./motions/right-foot.bvmd",
            "stop_blink": true,
            "with_extras": []
        },
        {
            "motion_name": "tap-left-foot",
            "motion": "./motions/left-foot.bvmd",
            "stop_blink": true,
            "with_extras": []
        }
    ],
    "open_motion": "./motions/open.bvmd",
    "voices": []
}